
<project xmlns="http://maven.apache.org/POM/4.0.0" xmlns:xsi="http://www.w3.org/2001/XMLSchema-instance"
         xsi:schemaLocation="http://maven.apache.org/POM/4.0.0 http://maven.apache.org/xsd/maven-4.0.0.xsd">
    <modelVersion>4.0.0</modelVersion>
    <groupId>apigee</groupId>
    <artifactId>parent-pom</artifactId>
    <packaging>pom</packaging>
    <version>1.0</version>
    <pluginRepositories>
        <pluginRepository>
            <id>central</id>
            <name>Maven Plugin Repository</name>
            <url>http://repo1.maven.org/maven2</url>
            <layout>default</layout>
            <snapshots>
                <enabled>false</enabled>
            </snapshots>
            <releases>
                <updatePolicy>never</updatePolicy>
            </releases>
        </pluginRepository>
    </pluginRepositories>
    <properties>
            <main.basedir>${project.basedir}</main.basedir>
    </properties>

    <build>
        <plugins>
            <plugin>
                <artifactId>maven-clean-plugin</artifactId>
                <version>2.5</version>
            </plugin>

            <plugin>
                <artifactId>maven-resources-plugin</artifactId>
                <version>2.6</version>
                <executions>
                    <execution>
                        <phase>package</phase>
                        <goals>
                            <goal>copy-resources</goal>
                        </goals>
                        <configuration>
                            <overwrite>true</overwrite>
                            <encoding>UTF-8</encoding>
                             <echo message="basedir parent : ${basedir}"/>
                            <outputDirectory>${basedir}/target/sharedflowbundle</outputDirectory>
                            <resources>
                                <resource>
                                    <directory>sharedflowbundle</directory>
                                </resource>
                            </resources>
                        </configuration>
                    </execution>
                </executions>
            </plugin>
            <plugin>
                <groupId>io.apigee.build-tools.enterprise4g</groupId>
                <artifactId>apigee-edge-maven-plugin</artifactId>
                <version>1.1.6</version>
                <executions>
                    <execution>
                        <id>configure-bundle</id>
                        <phase>package</phase>
                        <goals>
                            <goal>configure</goal>
                        </goals>
                    </execution>
                    <execution>
                        <id>deploy-bundle</id>
                        <phase>install</phase>
                        <goals>
                            <goal>deploy</goal>
                        </goals>
                    </execution>
                </executions>
            </plugin>
        </plugins>
    </build>
    <profiles>
        <profile>
            <id>test</id>
            <properties>
                <apigee.profile>test</apigee.profile>
                <apigee.hosturl>https://api.enterprise.apigee.com</apigee.hosturl>
                <apigee.apiversion>v1</apigee.apiversion>
                <apigee.org>${org}</apigee.org>
                <apigee.env>${env}</apigee.env>
                <apigee.apitype>sharedflow</apigee.apitype>
                <apigee.username>${username}</apigee.username>
                <apigee.password>${password}</apigee.password>
            </properties>
        </profile>
       
    </profiles>
    <dependencies>
        <dependency>
            <groupId>junit</groupId>
            <artifactId>junit</artifactId>
            <version>4.8.2</version>
            <scope>test</scope>
        </dependency>
    </dependencies>
</project>







