<?xml version="1.0" ?>
<project xmlns="http://maven.apache.org/POM/4.0.0" xmlns:xsi="http://www.w3.org/2001/XMLSchema-instance" xsi:schemaLocation="http://maven.apache.org/POM/4.0.0 http://maven.apache.org/xsd/maven-4.0.0.xsd">
    <modelVersion>4.0.0</modelVersion>
    <groupId>apigee</groupId>
    <artifactId>parent-pom</artifactId>
    <packaging>pom</packaging>
    <version>1.0</version>
    <pluginRepositories>
        <pluginRepository>
            <id>central</id>
            <name>Maven Plugin Repository</name>
            <url>http://repo1.maven.org/maven2</url>
            <layout>default</layout>
            <snapshots>
                <enabled>false</enabled>
            </snapshots>
            <releases>
                <updatePolicy>never</updatePolicy>
            </releases>
        </pluginRepository>
    </pluginRepositories>
    <!-- Since Maven 3.0.3, for two plugins bound to the same phase, the order 
         of execution is the same as the order in which you define them. -->
    <build>
        <plugins>
            <plugin>
                <artifactId>maven-clean-plugin</artifactId>
                <version>2.5</version>
            </plugin>
            
            <plugin>
                <artifactId>maven-resources-plugin</artifactId>
                <version>2.3</version>
                <executions>
                    <execution>
                        <id>copy-config-template</id>
                        <phase>process-resources</phase>
                        <goals>
                            <goal>copy-resources</goal>
                        </goals>
                        <configuration>
                            <overwrite>true</overwrite>
                            <encoding>UTF-8</encoding>
                            <outputDirectory>${basedir}/</outputDirectory>
                            <resources>
                                <resource>
                                    <directory>template</directory>
                                </resource>
                            </resources>
                        </configuration>
                    </execution>
                </executions>
            </plugin>
            
            <plugin>
			  <groupId>com.google.code.maven-replacer-plugin</groupId>
			  <artifactId>replacer</artifactId>
			  <version>1.5.2</version>
			  <executions>
			    <execution>
			      <phase>process-resources</phase>
			      <goals>
			        <goal>replace</goal>
			      </goals>
			    </execution>
			  </executions>
			  <configuration>
			  <file>edge.json</file> 
			  <tokenValueMap>../idp.config</tokenValueMap>
			  </configuration>
			</plugin>

            <!--plugin>
                <groupId>io.apigee.build-tools.enterprise4g</groupId>
                <artifactId>apigee-edge-maven-plugin</artifactId>
                <version>1.0.2</version>
                <executions>
                    <execution>
                        <id>configure-bundle-step</id>
                        <phase>package</phase>
                        <goals>
                            <goal>configure</goal>
                        </goals>
                    </execution>
                    <execution>
                        <id>deploy-bundle</id>
                        <phase>install</phase>
                        <goals>
                            <goal>deploy</goal>
                        </goals>
                    </execution>
                </executions>
            </plugin-->
            <plugin>
                <groupId>com.apigee.edge.config</groupId>
                <artifactId>apigee-config-maven-plugin</artifactId>
                <version>1.2.2</version>
                <executions>
                    <execution>
                        <id>create-config-cache</id>
                        <phase>verify</phase>                        
                        <goals>
                            <goal>caches</goal>
                        </goals>
                    </execution>
                    <execution>
                        <id>create-config-kvm</id>
                        <phase>install</phase>                        
                        <goals>
                            <goal>keyvaluemaps</goal>
                        </goals>
                    </execution>
                    <execution>
                        <id>create-config-targetserver</id>
                        <phase>verify</phase>                        
                        <goals>
                            <goal>targetservers</goal>
                        </goals>
                    </execution>
                    <execution>
                        <id>create-config-resourcefiles</id>
                        <phase>install</phase>                        
                        <goals>
                            <goal>resourcefiles</goal>
                        </goals>
                    </execution>
                    <execution>
                        <id>create-config-apiproduct</id>
                        <phase>install</phase>                        
                        <goals>
                            <goal>apiproducts</goal>
                        </goals>
                    </execution>
                    <execution>
                        <id>create-config-developer</id>
                        <phase>install</phase>                        
                        <goals>
                            <goal>developers</goal>
                        </goals>
                    </execution>
                    <execution>
                        <id>create-config-app</id>
                        <phase>install</phase>                        
                        <goals>
                            <goal>apps</goal>
                        </goals>
                    </execution>
                </executions>
            </plugin>            

        </plugins>
    </build>
    <profiles>
        <profile>
            <id>test</id>
            <properties>
                <apigee.profile>test</apigee.profile>
                <apigee.hosturl>https://api.enterprise.apigee.com</apigee.hosturl>
                <apigee.apiversion>v1</apigee.apiversion>
                <apigee.org>${org}</apigee.org>
                <apigee.env>${env}</apigee.env>
                <apigee.username>${username}</apigee.username>
                <apigee.password>${password}</apigee.password>
            </properties>
        </profile>
    </profiles>
    <dependencies>
        <dependency>
            <groupId>junit</groupId>
            <artifactId>junit</artifactId>
            <version>4.8.2</version>
            <scope>test</scope>
        </dependency>
    </dependencies>
</project>







