<?xml version="1.0" encoding="UTF-8" standalone="yes"?>
<SharedFlowBundle revision="1" name="SharedFlow_GetIdP_OIDC_Info">
    <ConfigurationVersion majorVersion="4" minorVersion="0"/>
    <CreatedAt>1501036403325</CreatedAt>
    <CreatedBy>naseerm@google.com</CreatedBy>
    <Description></Description>
    <DisplayName>SharedFlow_GetIdP_OIDC_Info</DisplayName>
    <LastModifiedAt>1537910557628</LastModifiedAt>
    <LastModifiedBy>naseerm@google.com</LastModifiedBy>
    <ManifestVersion>SHA-512:e6e39d2a2676994851ccc71a09c545afa82ec537ce2ef1a8358f9370106c84125cb0e22d33c749e4fbec82aa1c4d948ede977a4b7b2a8d1bbe307e5c717d6a8f</ManifestVersion>
    <Policies>
        <Policy>RetrieveIdPInfo</Policy>
    </Policies>
    <Resources/>
    <Spec></Spec>
    <subType>SharedFlow</subType>
    <SharedFlows>
        <SharedFlow>default</SharedFlow>
    </SharedFlows>
</SharedFlowBundle>
