{
    "version": "1.0",
	"orgConfig": {
        "apiProducts": [
            {
                "name": "IdentityAPIs",
                "apiResources": [
                    "/",
                    "/**"
                ],
                "approvalType": "auto",
                "attributes": [
                    {
                        "name": "description",
                        "value": "IdP integration using Open Id Connect"
                    }
                ],
                "description": "Identity APIs integrate IdP using Open Id Connect",
                "displayName": "Identity APIs",
                "environments": [
                    "test"
                ],
                "proxies": [
                    "IdP_Pattern_One_proxy"
                ],
                "quota": "10000",
                "quotaInterval": "1",
                "quotaTimeUnit": "month",
                "scopes": []
            },
            {
                "name": "Protected_API_Sample_Proxy",
                "apiResources": [
                    "/",
                    "/**"
                ],
                "approvalType": "auto",
                "attributes": [
                    {
                        "name": "description",
                        "value": "Sample API that verifies IdP integration Access Token"
                    }
                ],
                "description": "Sample API that validates IdP integrated access token",
                "displayName": "Sample Protected API",
                "environments": [
                    "test"
                ],
                "proxies": [
                    "Protected_API_Sample_Proxy"
                ],
                "quota": "10000",
                "quotaInterval": "1",
                "quotaTimeUnit": "month",
                "scopes": []
            }              
        ],
        "developers": [
            {
                "email": "idpUser@example.com",
                "firstName": "IdP",
                "lastName": "User",
                "userName": "idpUser",
                "attributes": []
            }
        ],
        "developerApps": {
            "idpUser@example.com": [
                {
                    "name": "IdentityDemoApp",
                    "apiProducts": [ "IdentityAPIs","Protected_API_Sample_Proxy" ],
                    "callbackUrl": "http://example.com",
                    "scopes": []
                }
            ]
        }
    }
}
