<?xml version="1.0" encoding="UTF-8" standalone="yes"?>
<Manifest name="manifest">
    <Policies>
        <VersionInfo resourceName="RetrieveIdPInfo" version="SHA-512:090160f98e627a7ee18d1d721f1e9c779befaece213140aec897d75028e8d9d7107b40ffa62616f8619833b622078b69dbeffc5b5fa39d63a4aba32c75e71272"/>
    </Policies>
    <ProxyEndpoints/>
    <Resources/>
    <SharedFlows>
        <VersionInfo resourceName="default" version="SHA-512:95a4f2f897453c5a40be0148026383333ce518201f18dd4181142f0183642e91c395e196002264c7e0cfe6b99876d62c4c01cafa407bb76926f48a552fb4c669"/>
    </SharedFlows>
    <TargetEndpoints/>
</Manifest>
