<?xml version="1.0" encoding="UTF-8" standalone="yes"?>
<SharedFlowBundle revision="3" name="SharedFlow_GetIdP_SAML_Info">
    <ConfigurationVersion majorVersion="4" minorVersion="0"/>
    <CreatedAt>1540260265048</CreatedAt>
    <CreatedBy>defaultUser</CreatedBy>
    <Description>undefined</Description>
    <DisplayName>SharedFlow_GetIdP_SAML_Info</DisplayName>
    <LastModifiedAt>1540302850590</LastModifiedAt>
    <LastModifiedBy>defaultUser</LastModifiedBy>
    <ManifestVersion>SHA-512:4604901bdd57144fa79d0006f4e2f4b20fb566b31bd525d965cf39fc253658536c6f517e205739ee18e67a4516cd9596d8781d17fa885d56c4a61494d42bed7a</ManifestVersion>
    <Policies>
        <Policy>RetrieveIdPSAMLInfo</Policy>
    </Policies>
    <Resources/>
    <Spec></Spec>
    <subType>SharedFlow</subType>
    <SharedFlows>
        <SharedFlow>default</SharedFlow>
    </SharedFlows>
</SharedFlowBundle>
